Year,Sampling Date,Plot,Replication,Cover Crop,Weed Species,Day of Year,Emergence Count,Cumulative Emergence,Percent Cumulative Emergence,Hydrothermal Time
2022,15-Apr-22,7,1,N,giant ragweed,105,0,0,0.001,29.68166667
2022,25-Apr-22,7,1,N,giant ragweed,115,0,0,0.001,57.58
2022,5-May-22,7,1,N,giant ragweed,125,37,37,46.25,96.76833333
2022,16-May-22,7,1,N,giant ragweed,136,26,63,78.75,211.1420833
2022,24-May-22,7,1,N,giant ragweed,144,12,75,93.75,264.375
2022,31-May-22,7,1,N,giant ragweed,151,3,78,97.5,301.2254167
2022,14-Jun-22,7,1,N,giant ragweed,165,2,80,100,322.3945833
2022,23-Jun-22,7,1,N,giant ragweed,174,0,80,100,322.3945833
2022,5-Jul-22,7,1,N,giant ragweed,186,0,80,100,349.37
2022,11-Jul-22,7,1,N,giant ragweed,192,0,80,100,397.21375
2022,25-Jul-22,7,1,N,giant ragweed,206,0,80,100,451.91625
2022,9-Aug-22,7,1,N,giant ragweed,221,0,80,100,509.8475
2022,26-Aug-22,7,1,N,giant ragweed,238,0,80,100,757.1566667
2022,16-Sep-22,7,1,N,giant ragweed,259,0,80,100,905.5770833
2022,15-Apr-22,8,2,N,giant ragweed,105,0,0,0.001,29.68166667
2022,25-Apr-22,8,2,N,giant ragweed,115,0,0,0.001,57.58
2022,5-May-22,8,2,N,giant ragweed,125,32,32,36.7816092,96.76833333
2022,16-May-22,8,2,N,giant ragweed,136,19,51,58.62068966,211.1420833
2022,24-May-22,8,2,N,giant ragweed,144,25,76,87.35632184,264.375
2022,31-May-22,8,2,N,giant ragweed,151,10,86,98.85057471,301.2254167
2022,14-Jun-22,8,2,N,giant ragweed,165,0,86,98.85057471,322.3945833
2022,23-Jun-22,8,2,N,giant ragweed,174,0,86,98.85057471,322.3945833
2022,5-Jul-22,8,2,N,giant ragweed,186,1,87,100,349.37
2022,11-Jul-22,8,2,N,giant ragweed,192,0,87,100,397.21375
2022,25-Jul-22,8,2,N,giant ragweed,206,0,87,100,451.91625
2022,9-Aug-22,8,2,N,giant ragweed,221,0,87,100,509.8475
2022,26-Aug-22,8,2,N,giant ragweed,238,0,87,100,757.1566667
2022,16-Sep-22,8,2,N,giant ragweed,259,0,87,100,905.5770833
2022,15-Apr-22,9,3,N,giant ragweed,105,0,0,0.001,29.68166667
2022,25-Apr-22,9,3,N,giant ragweed,115,0,0,0.001,57.58
2022,5-May-22,9,3,N,giant ragweed,125,13,13,26.53061224,96.76833333
2022,16-May-22,9,3,N,giant ragweed,136,13,26,53.06122449,211.1420833
2022,24-May-22,9,3,N,giant ragweed,144,19,45,91.83673469,264.375
2022,31-May-22,9,3,N,giant ragweed,151,3,48,97.95918367,301.2254167
2022,14-Jun-22,9,3,N,giant ragweed,165,1,49,100,322.3945833
2022,23-Jun-22,9,3,N,giant ragweed,174,0,49,100,322.3945833
2022,5-Jul-22,9,3,N,giant ragweed,186,0,49,100,349.37
2022,11-Jul-22,9,3,N,giant ragweed,192,0,49,100,397.21375
2022,25-Jul-22,9,3,N,giant ragweed,206,0,49,100,451.91625
2022,9-Aug-22,9,3,N,giant ragweed,221,0,49,100,509.8475
2022,26-Aug-22,9,3,N,giant ragweed,238,0,49,100,757.1566667
2022,16-Sep-22,9,3,N,giant ragweed,259,0,49,100,905.5770833
2022,15-Apr-22,10,1,Y,giant ragweed,105,0,0,0.001,15.5925
2022,25-Apr-22,10,1,Y,giant ragweed,115,0,0,0.001,33.19791667
2022,5-May-22,10,1,Y,giant ragweed,125,15,15,32.60869565,58.6025
2022,16-May-22,10,1,Y,giant ragweed,136,8,23,50,169.3595833
2022,24-May-22,10,1,Y,giant ragweed,144,12,35,76.08695652,220.77625
2022,31-May-22,10,1,Y,giant ragweed,151,10,45,97.82608696,252.7166667
2022,14-Jun-22,10,1,Y,giant ragweed,165,1,46,100,274.12
2022,23-Jun-22,10,1,Y,giant ragweed,174,0,46,100,274.12
2022,5-Jul-22,10,1,Y,giant ragweed,186,0,46,100,298.8020833
2022,11-Jul-22,10,1,Y,giant ragweed,192,0,46,100,345.14625
2022,25-Jul-22,10,1,Y,giant ragweed,206,0,46,100,399.5008333
2022,9-Aug-22,10,1,Y,giant ragweed,221,0,46,100,451.6916667
2022,26-Aug-22,10,1,Y,giant ragweed,238,0,46,100,684.89875
2022,16-Sep-22,10,1,Y,giant ragweed,259,0,46,100,838.5925
2022,15-Apr-22,11,2,Y,giant ragweed,105,0,0,0.001,15.5925
2022,25-Apr-22,11,2,Y,giant ragweed,115,0,0,0.001,33.19791667
2022,5-May-22,11,2,Y,giant ragweed,125,24,24,63.15789474,58.6025
2022,16-May-22,11,2,Y,giant ragweed,136,2,26,68.42105263,169.3595833
2022,24-May-22,11,2,Y,giant ragweed,144,7,33,86.84210526,220.77625
2022,31-May-22,11,2,Y,giant ragweed,151,4,37,97.36842105,252.7166667
2022,14-Jun-22,11,2,Y,giant ragweed,165,1,38,100,274.12
2022,23-Jun-22,11,2,Y,giant ragweed,174,0,38,100,274.12
2022,5-Jul-22,11,2,Y,giant ragweed,186,0,38,100,298.8020833
2022,11-Jul-22,11,2,Y,giant ragweed,192,0,38,100,345.14625
2022,25-Jul-22,11,2,Y,giant ragweed,206,0,38,100,399.5008333
2022,9-Aug-22,11,2,Y,giant ragweed,221,0,38,100,451.6916667
2022,26-Aug-22,11,2,Y,giant ragweed,238,0,38,100,684.89875
2022,16-Sep-22,11,2,Y,giant ragweed,259,0,38,100,838.5925
2022,15-Apr-22,12,3,Y,giant ragweed,105,0,0,0.001,15.5925
2022,25-Apr-22,12,3,Y,giant ragweed,115,0,0,0.001,33.19791667
2022,5-May-22,12,3,Y,giant ragweed,125,11,11,37.93103448,58.6025
2022,16-May-22,12,3,Y,giant ragweed,136,5,16,55.17241379,169.3595833
2022,24-May-22,12,3,Y,giant ragweed,144,4,20,68.96551724,220.77625
2022,31-May-22,12,3,Y,giant ragweed,151,6,26,89.65517241,252.7166667
2022,14-Jun-22,12,3,Y,giant ragweed,165,3,29,100,274.12
2022,23-Jun-22,12,3,Y,giant ragweed,174,0,29,100,274.12
2022,5-Jul-22,12,3,Y,giant ragweed,186,0,29,100,298.8020833
2022,11-Jul-22,12,3,Y,giant ragweed,192,0,29,100,345.14625
2022,25-Jul-22,12,3,Y,giant ragweed,206,0,29,100,399.5008333
2022,9-Aug-22,12,3,Y,giant ragweed,221,0,29,100,451.6916667
2022,26-Aug-22,12,3,Y,giant ragweed,238,0,29,100,684.89875
2022,16-Sep-22,12,3,Y,giant ragweed,259,0,29,100,838.5925
2022,15-Apr-22,13,1,Y,waterhemp,105,0,0,0.001,132.3720833
2022,25-Apr-22,13,1,Y,waterhemp,115,0,0,0.001,188.4004167
2022,5-May-22,13,1,Y,waterhemp,125,0,0,0.001,267.9825
2022,16-May-22,13,1,Y,waterhemp,136,0,0,0.001,484.345
2022,24-May-22,13,1,Y,waterhemp,144,0,0,0.001,610.58125
2022,31-May-22,13,1,Y,waterhemp,151,17,17,70.83333333,741.3433333
2022,14-Jun-22,13,1,Y,waterhemp,165,7,24,100,1035.590417
2022,23-Jun-22,13,1,Y,waterhemp,174,0,24,100,1215.32375
2022,5-Jul-22,13,1,Y,waterhemp,186,0,24,100,1293.23125
2022,11-Jul-22,13,1,Y,waterhemp,192,0,24,100,1449.097083
2022,25-Jul-22,13,1,Y,waterhemp,206,0,24,100,1803.1525
2022,9-Aug-22,13,1,Y,waterhemp,221,0,24,100,2029.839167
2022,26-Aug-22,13,1,Y,waterhemp,238,0,24,100,2390.94875
2022,16-Sep-22,13,1,Y,waterhemp,259,0,24,100,2832.1525
2022,15-Apr-22,14,2,Y,waterhemp,105,0,0,0.001,132.3720833
2022,25-Apr-22,14,2,Y,waterhemp,115,0,0,0.001,188.4004167
2022,5-May-22,14,2,Y,waterhemp,125,0,0,0.001,267.9825
2022,16-May-22,14,2,Y,waterhemp,136,0,0,0.001,484.345
2022,24-May-22,14,2,Y,waterhemp,144,0,0,0.001,610.58125
2022,31-May-22,14,2,Y,waterhemp,151,11,11,45.83333333,741.3433333
2022,14-Jun-22,14,2,Y,waterhemp,165,10,21,87.5,1035.590417
2022,23-Jun-22,14,2,Y,waterhemp,174,1,22,91.66666667,1215.32375
2022,5-Jul-22,14,2,Y,waterhemp,186,2,24,100,1293.23125
2022,11-Jul-22,14,2,Y,waterhemp,192,0,24,100,1449.097083
2022,25-Jul-22,14,2,Y,waterhemp,206,0,24,100,1803.1525
2022,9-Aug-22,14,2,Y,waterhemp,221,0,24,100,2029.839167
2022,26-Aug-22,14,2,Y,waterhemp,238,0,24,100,2390.94875
2022,16-Sep-22,14,2,Y,waterhemp,259,0,24,100,2832.1525
2022,15-Apr-22,15,3,Y,waterhemp,105,0,0,0.001,132.3720833
2022,25-Apr-22,15,3,Y,waterhemp,115,0,0,0.001,188.4004167
2022,5-May-22,15,3,Y,waterhemp,125,3,3,5.263157895,267.9825
2022,16-May-22,15,3,Y,waterhemp,136,0,3,5.263157895,484.345
2022,24-May-22,15,3,Y,waterhemp,144,0,3,5.263157895,610.58125
2022,31-May-22,15,3,Y,waterhemp,151,25,28,49.12280702,741.3433333
2022,14-Jun-22,15,3,Y,waterhemp,165,14,42,73.68421053,1035.590417
2022,23-Jun-22,15,3,Y,waterhemp,174,0,42,73.68421053,1215.32375
2022,5-Jul-22,15,3,Y,waterhemp,186,1,43,75.43859649,1293.23125
2022,11-Jul-22,15,3,Y,waterhemp,192,0,43,75.43859649,1449.097083
2022,25-Jul-22,15,3,Y,waterhemp,206,13,56,98.24561404,1803.1525
2022,9-Aug-22,15,3,Y,waterhemp,221,1,57,100,2029.839167
2022,26-Aug-22,15,3,Y,waterhemp,238,0,57,100,2390.94875
2022,16-Sep-22,15,3,Y,waterhemp,259,0,57,100,2832.1525
2022,15-Apr-22,16,1,N,waterhemp,105,0,0,0.001,94.09416667
2022,25-Apr-22,16,1,N,waterhemp,115,0,0,0.001,137.25
2022,5-May-22,16,1,N,waterhemp,125,0,0,0.001,201
2022,16-May-22,16,1,N,waterhemp,136,0,0,0.001,394.3095833
2022,24-May-22,16,1,N,waterhemp,144,0,0,0.001,501.9766667
2022,31-May-22,16,1,N,waterhemp,151,7,7,30.43478261,617.9275
2022,14-Jun-22,16,1,N,waterhemp,165,4,11,47.82608696,881.2091667
2022,23-Jun-22,16,1,N,waterhemp,174,7,18,78.26086957,1073.327083
2022,5-Jul-22,16,1,N,waterhemp,186,5,23,100,1153.684583
2022,11-Jul-22,16,1,N,waterhemp,192,0,23,100,1297.802083
2022,25-Jul-22,16,1,N,waterhemp,206,0,23,100,1622.29625
2022,9-Aug-22,16,1,N,waterhemp,221,0,23,100,1841.980417
2022,26-Aug-22,16,1,N,waterhemp,238,0,23,100,2174.285417
2022,16-Sep-22,16,1,N,waterhemp,259,0,23,100,2579.59
2022,15-Apr-22,17,2,N,waterhemp,105,0,0,0.001,94.09416667
2022,25-Apr-22,17,2,N,waterhemp,115,0,0,0.001,137.25
2022,5-May-22,17,2,N,waterhemp,125,0,0,0.001,201
2022,16-May-22,17,2,N,waterhemp,136,0,0,0.001,394.3095833
2022,24-May-22,17,2,N,waterhemp,144,0,0,0.001,501.9766667
2022,31-May-22,17,2,N,waterhemp,151,10,10,50,617.9275
2022,14-Jun-22,17,2,N,waterhemp,165,3,13,65,881.2091667
2022,23-Jun-22,17,2,N,waterhemp,174,3,16,80,1073.327083
2022,5-Jul-22,17,2,N,waterhemp,186,3,19,95,1153.684583
2022,11-Jul-22,17,2,N,waterhemp,192,0,19,95,1297.802083
2022,25-Jul-22,17,2,N,waterhemp,206,0,19,95,1622.29625
2022,9-Aug-22,17,2,N,waterhemp,221,1,20,100,1841.980417
2022,26-Aug-22,17,2,N,waterhemp,238,0,20,100,2174.285417
2022,16-Sep-22,17,2,N,waterhemp,259,0,20,100,2579.59
2022,15-Apr-22,18,3,N,waterhemp,105,0,0,0.001,94.09416667
2022,25-Apr-22,18,3,N,waterhemp,115,0,0,0.001,137.25
2022,5-May-22,18,3,N,waterhemp,125,0,0,0.001,201
2022,16-May-22,18,3,N,waterhemp,136,0,0,0.001,394.3095833
2022,24-May-22,18,3,N,waterhemp,144,0,0,0.001,501.9766667
2022,31-May-22,18,3,N,waterhemp,151,7,7,50,617.9275
2022,14-Jun-22,18,3,N,waterhemp,165,3,10,71.42857143,881.2091667
2022,23-Jun-22,18,3,N,waterhemp,174,1,11,78.57142857,1073.327083
2022,5-Jul-22,18,3,N,waterhemp,186,0,11,78.57142857,1153.684583
2022,11-Jul-22,18,3,N,waterhemp,192,0,11,78.57142857,1297.802083
2022,25-Jul-22,18,3,N,waterhemp,206,3,14,100,1622.29625
2022,9-Aug-22,18,3,N,waterhemp,221,0,14,100,1841.980417
2022,26-Aug-22,18,3,N,waterhemp,238,0,14,100,2174.285417
2022,16-Sep-22,18,3,N,waterhemp,259,0,14,100,2579.59
2022,15-Apr-22,19,1,Y,common lambsquarters,105,0,0,0.001,5.94625
2022,25-Apr-22,19,1,Y,common lambsquarters,115,0,0,0.001,15.11875
2022,5-May-22,19,1,Y,common lambsquarters,125,16,16,36.36363636,25.10833333
2022,16-May-22,19,1,Y,common lambsquarters,136,0,16,36.36363636,94.08916667
2022,24-May-22,19,1,Y,common lambsquarters,144,0,16,36.36363636,122.1008333
2022,31-May-22,19,1,Y,common lambsquarters,151,3,19,43.18181818,140.1741667
2022,14-Jun-22,19,1,Y,common lambsquarters,165,1,20,45.45454545,149.24875
2022,23-Jun-22,19,1,Y,common lambsquarters,174,1,21,47.72727273,149.24875
2022,5-Jul-22,19,1,Y,common lambsquarters,186,0,21,47.72727273,167.7304167
2022,11-Jul-22,19,1,Y,common lambsquarters,192,18,39,88.63636364,203.00375
2022,25-Jul-22,19,1,Y,common lambsquarters,206,0,39,88.63636364,237.4270833
2022,9-Aug-22,19,1,Y,common lambsquarters,221,5,44,100,269.7904167
2022,26-Aug-22,19,1,Y,common lambsquarters,238,0,44,100,434.9029167
2022,16-Sep-22,19,1,Y,common lambsquarters,259,0,44,100,534.9983333
2022,15-Apr-22,20,2,Y,common lambsquarters,105,0,0,0.001,5.94625
2022,25-Apr-22,20,2,Y,common lambsquarters,115,0,0,0.001,15.11875
2022,5-May-22,20,2,Y,common lambsquarters,125,28,28,36.36363636,25.10833333
2022,16-May-22,20,2,Y,common lambsquarters,136,7,35,45.45454545,94.08916667
2022,24-May-22,20,2,Y,common lambsquarters,144,0,35,45.45454545,122.1008333
2022,31-May-22,20,2,Y,common lambsquarters,151,1,36,46.75324675,140.1741667
2022,14-Jun-22,20,2,Y,common lambsquarters,165,2,38,49.35064935,149.24875
2022,23-Jun-22,20,2,Y,common lambsquarters,174,0,38,49.35064935,149.24875
2022,5-Jul-22,20,2,Y,common lambsquarters,186,0,38,49.35064935,167.7304167
2022,11-Jul-22,20,2,Y,common lambsquarters,192,25,63,81.81818182,203.00375
2022,25-Jul-22,20,2,Y,common lambsquarters,206,2,65,84.41558442,237.4270833
2022,9-Aug-22,20,2,Y,common lambsquarters,221,8,73,94.80519481,269.7904167
2022,26-Aug-22,20,2,Y,common lambsquarters,238,4,77,100,434.9029167
2022,16-Sep-22,20,2,Y,common lambsquarters,259,0,77,100,534.9983333
2022,15-Apr-22,21,3,Y,common lambsquarters,105,0,0,0.001,5.94625
2022,25-Apr-22,21,3,Y,common lambsquarters,115,0,0,0.001,15.11875
2022,5-May-22,21,3,Y,common lambsquarters,125,88,88,68.75,25.10833333
2022,16-May-22,21,3,Y,common lambsquarters,136,15,103,80.46875,94.08916667
2022,24-May-22,21,3,Y,common lambsquarters,144,0,103,80.46875,122.1008333
2022,31-May-22,21,3,Y,common lambsquarters,151,2,105,82.03125,140.1741667
2022,14-Jun-22,21,3,Y,common lambsquarters,165,3,108,84.375,149.24875
2022,23-Jun-22,21,3,Y,common lambsquarters,174,0,108,84.375,149.24875
2022,5-Jul-22,21,3,Y,common lambsquarters,186,0,108,84.375,167.7304167
2022,11-Jul-22,21,3,Y,common lambsquarters,192,16,124,96.875,203.00375
2022,25-Jul-22,21,3,Y,common lambsquarters,206,0,124,96.875,237.4270833
2022,9-Aug-22,21,3,Y,common lambsquarters,221,3,127,99.21875,269.7904167
2022,26-Aug-22,21,3,Y,common lambsquarters,238,1,128,100,434.9029167
2022,16-Sep-22,21,3,Y,common lambsquarters,259,0,128,100,534.9983333
2022,15-Apr-22,22,1,N,common lambsquarters,105,0,0,0.001,14.5975
2022,25-Apr-22,22,1,N,common lambsquarters,115,0,0,0.001,30.73875
2022,5-May-22,22,1,N,common lambsquarters,125,40,40,33.61344538,51.485
2022,16-May-22,22,1,N,common lambsquarters,136,16,56,47.05882353,132.5075
2022,24-May-22,22,1,N,common lambsquarters,144,7,63,52.94117647,157.8066667
2022,31-May-22,22,1,N,common lambsquarters,151,0,63,52.94117647,178.8979167
2022,14-Jun-22,22,1,N,common lambsquarters,165,0,63,52.94117647,189.1754167
2022,23-Jun-22,22,1,N,common lambsquarters,174,12,75,63.02521008,189.1754167
2022,5-Jul-22,22,1,N,common lambsquarters,186,3,78,65.54621849,209.0016667
2022,11-Jul-22,22,1,N,common lambsquarters,192,37,115,96.63865546,247.5379167
2022,25-Jul-22,22,1,N,common lambsquarters,206,2,117,98.31932773,285.8091667
2022,9-Aug-22,22,1,N,common lambsquarters,221,0,117,98.31932773,320.1375
2022,26-Aug-22,22,1,N,common lambsquarters,238,2,119,100,502.3866667
2022,16-Sep-22,22,1,N,common lambsquarters,259,0,119,100,607.3008333
2022,15-Apr-22,23,2,N,common lambsquarters,105,0,0,0.001,14.5975
2022,25-Apr-22,23,2,N,common lambsquarters,115,0,0,0.001,30.73875
2022,5-May-22,23,2,N,common lambsquarters,125,39,39,31.4516129,51.485
2022,16-May-22,23,2,N,common lambsquarters,136,26,65,52.41935484,132.5075
2022,24-May-22,23,2,N,common lambsquarters,144,5,70,56.4516129,157.8066667
2022,31-May-22,23,2,N,common lambsquarters,151,0,70,56.4516129,178.8979167
2022,14-Jun-22,23,2,N,common lambsquarters,165,0,70,56.4516129,189.1754167
2022,23-Jun-22,23,2,N,common lambsquarters,174,7,77,62.09677419,189.1754167
2022,5-Jul-22,23,2,N,common lambsquarters,186,0,77,62.09677419,209.0016667
2022,11-Jul-22,23,2,N,common lambsquarters,192,43,120,96.77419355,247.5379167
2022,25-Jul-22,23,2,N,common lambsquarters,206,4,124,100,285.8091667
2022,9-Aug-22,23,2,N,common lambsquarters,221,0,124,100,320.1375
2022,26-Aug-22,23,2,N,common lambsquarters,238,0,124,100,502.3866667
2022,16-Sep-22,23,2,N,common lambsquarters,259,0,124,100,607.3008333
2022,15-Apr-22,24,3,N,common lambsquarters,105,0,0,0.001,14.5975
2022,25-Apr-22,24,3,N,common lambsquarters,115,0,0,0.001,30.73875
2022,5-May-22,24,3,N,common lambsquarters,125,37,37,32.45614035,51.485
2022,16-May-22,24,3,N,common lambsquarters,136,25,62,54.38596491,132.5075
2022,24-May-22,24,3,N,common lambsquarters,144,9,71,62.28070175,157.8066667
2022,31-May-22,24,3,N,common lambsquarters,151,0,71,62.28070175,178.8979167
2022,14-Jun-22,24,3,N,common lambsquarters,165,0,71,62.28070175,189.1754167
2022,23-Jun-22,24,3,N,common lambsquarters,174,8,79,69.29824561,189.1754167
2022,5-Jul-22,24,3,N,common lambsquarters,186,4,83,72.80701754,209.0016667
2022,11-Jul-22,24,3,N,common lambsquarters,192,26,109,95.61403509,247.5379167
2022,25-Jul-22,24,3,N,common lambsquarters,206,2,111,97.36842105,285.8091667
2022,9-Aug-22,24,3,N,common lambsquarters,221,0,111,97.36842105,320.1375
2022,26-Aug-22,24,3,N,common lambsquarters,238,3,114,100,502.3866667
2022,16-Sep-22,24,3,N,common lambsquarters,259,0,114,100,607.3008333
2022,15-Apr-22,25,1,Y,common ragweed,105,0,0,0.001,32.13375
2022,25-Apr-22,25,1,Y,common ragweed,115,0,0,0.001,61.93875
2022,5-May-22,25,1,Y,common ragweed,125,108,108,63.52941176,106.47
2022,16-May-22,25,1,Y,common ragweed,136,40,148,87.05882353,241.2770833
2022,24-May-22,25,1,Y,common ragweed,144,16,164,96.47058824,306.2558333
2022,31-May-22,25,1,Y,common ragweed,151,6,170,100,348.5779167
2022,14-Jun-22,25,1,Y,common ragweed,165,0,170,100,374.85625
2022,23-Jun-22,25,1,Y,common ragweed,174,0,170,100,374.85625
2022,5-Jul-22,25,1,Y,common ragweed,186,0,170,100,403.1133333
2022,11-Jul-22,25,1,Y,common ragweed,192,0,170,100,455.8491667
2022,25-Jul-22,25,1,Y,common ragweed,206,0,170,100,518.7620833
2022,9-Aug-22,25,1,Y,common ragweed,221,0,170,100,580.0529167
2022,26-Aug-22,25,1,Y,common ragweed,238,0,170,100,855.0766667
2022,16-Sep-22,25,1,Y,common ragweed,259,0,170,100,1037.80375
2022,15-Apr-22,26,2,Y,common ragweed,105,0,0,0.001,32.13375
2022,25-Apr-22,26,2,Y,common ragweed,115,0,0,0.001,61.93875
2022,5-May-22,26,2,Y,common ragweed,125,106,106,62.35294118,106.47
2022,16-May-22,26,2,Y,common ragweed,136,42,148,87.05882353,241.2770833
2022,24-May-22,26,2,Y,common ragweed,144,14,162,95.29411765,306.2558333
2022,31-May-22,26,2,Y,common ragweed,151,8,170,100,348.5779167
2022,14-Jun-22,26,2,Y,common ragweed,165,0,170,100,374.85625
2022,23-Jun-22,26,2,Y,common ragweed,174,0,170,100,374.85625
2022,5-Jul-22,26,2,Y,common ragweed,186,0,170,100,403.1133333
2022,11-Jul-22,26,2,Y,common ragweed,192,0,170,100,455.8491667
2022,25-Jul-22,26,2,Y,common ragweed,206,0,170,100,518.7620833
2022,9-Aug-22,26,2,Y,common ragweed,221,0,170,100,580.0529167
2022,26-Aug-22,26,2,Y,common ragweed,238,0,170,100,855.0766667
2022,16-Sep-22,26,2,Y,common ragweed,259,0,170,100,1037.80375
2022,15-Apr-22,27,3,Y,common ragweed,105,0,0,0.001,32.13375
2022,25-Apr-22,27,3,Y,common ragweed,115,0,0,0.001,61.93875
2022,5-May-22,27,3,Y,common ragweed,125,141,141,65.88785047,106.47
2022,16-May-22,27,3,Y,common ragweed,136,40,181,84.57943925,241.2770833
2022,24-May-22,27,3,Y,common ragweed,144,31,212,99.06542056,306.2558333
2022,31-May-22,27,3,Y,common ragweed,151,2,214,100,348.5779167
2022,14-Jun-22,27,3,Y,common ragweed,165,0,214,100,374.85625
2022,23-Jun-22,27,3,Y,common ragweed,174,0,214,100,374.85625
2022,5-Jul-22,27,3,Y,common ragweed,186,0,214,100,403.1133333
2022,11-Jul-22,27,3,Y,common ragweed,192,0,214,100,455.8491667
2022,25-Jul-22,27,3,Y,common ragweed,206,0,214,100,518.7620833
2022,9-Aug-22,27,3,Y,common ragweed,221,0,214,100,580.0529167
2022,26-Aug-22,27,3,Y,common ragweed,238,0,214,100,855.0766667
2022,16-Sep-22,27,3,Y,common ragweed,259,0,214,100,1037.80375
2022,15-Apr-22,28,1,N,common ragweed,105,0,0,0.001,53.69333333
2022,25-Apr-22,28,1,N,common ragweed,115,0,0,0.001,95.36791667
2022,5-May-22,28,1,N,common ragweed,125,102,102,56.04395604,155.1591667
2022,16-May-22,28,1,N,common ragweed,136,25,127,69.78021978,290.8745833
2022,24-May-22,28,1,N,common ragweed,144,14,141,77.47252747,355.84125
2022,31-May-22,28,1,N,common ragweed,151,41,182,100,402.76625
2022,14-Jun-22,28,1,N,common ragweed,165,0,182,100,428.3770833
2022,23-Jun-22,28,1,N,common ragweed,174,0,182,100,428.3770833
2022,5-Jul-22,28,1,N,common ragweed,186,0,182,100,458.9275
2022,11-Jul-22,28,1,N,common ragweed,192,0,182,100,512.8379167
2022,25-Jul-22,28,1,N,common ragweed,206,0,182,100,575.3404167
2022,9-Aug-22,28,1,N,common ragweed,221,0,182,100,642.3716667
2022,26-Aug-22,28,1,N,common ragweed,238,0,182,100,929.7641667
2022,16-Sep-22,28,1,N,common ragweed,259,0,182,100,1102.884583
2022,15-Apr-22,29,2,N,common ragweed,105,0,0,0.001,53.69333333
2022,25-Apr-22,29,2,N,common ragweed,115,0,0,0.001,95.36791667
2022,5-May-22,29,2,N,common ragweed,125,106,106,63.47305389,155.1591667
2022,16-May-22,29,2,N,common ragweed,136,33,139,83.23353293,290.8745833
2022,24-May-22,29,2,N,common ragweed,144,10,149,89.22155689,355.84125
2022,31-May-22,29,2,N,common ragweed,151,18,167,100,402.76625
2022,14-Jun-22,29,2,N,common ragweed,165,0,167,100,428.3770833
2022,23-Jun-22,29,2,N,common ragweed,174,0,167,100,428.3770833
2022,5-Jul-22,29,2,N,common ragweed,186,0,167,100,458.9275
2022,11-Jul-22,29,2,N,common ragweed,192,0,167,100,512.8379167
2022,25-Jul-22,29,2,N,common ragweed,206,0,167,100,575.3404167
2022,9-Aug-22,29,2,N,common ragweed,221,0,167,100,642.3716667
2022,26-Aug-22,29,2,N,common ragweed,238,0,167,100,929.7641667
2022,16-Sep-22,29,2,N,common ragweed,259,0,167,100,1102.884583
2022,15-Apr-22,30,3,N,common ragweed,105,0,0,0.001,53.69333333
2022,25-Apr-22,30,3,N,common ragweed,115,0,0,0.001,95.36791667
2022,5-May-22,30,3,N,common ragweed,125,112,112,69.13580247,155.1591667
2022,16-May-22,30,3,N,common ragweed,136,21,133,82.09876543,290.8745833
2022,24-May-22,30,3,N,common ragweed,144,11,144,88.88888889,355.84125
2022,31-May-22,30,3,N,common ragweed,151,16,160,98.7654321,402.76625
2022,14-Jun-22,30,3,N,common ragweed,165,0,160,98.7654321,428.3770833
2022,23-Jun-22,30,3,N,common ragweed,174,0,160,98.7654321,428.3770833
2022,5-Jul-22,30,3,N,common ragweed,186,0,160,98.7654321,458.9275
2022,11-Jul-22,30,3,N,common ragweed,192,0,160,98.7654321,512.8379167
2022,25-Jul-22,30,3,N,common ragweed,206,0,160,98.7654321,575.3404167
2022,9-Aug-22,30,3,N,common ragweed,221,2,162,100,642.3716667
2022,26-Aug-22,30,3,N,common ragweed,238,0,162,100,929.7641667
2022,16-Sep-22,30,3,N,common ragweed,259,0,162,100,1102.884583
2022,15-Apr-22,31,1,Y,woolly cupgrass,105,0,0,0.001,39.87625
2022,25-Apr-22,31,1,Y,woolly cupgrass,115,0,0,0.001,73.10291667
2022,5-May-22,31,1,Y,woolly cupgrass,125,0,0,0.001,122.5958333
2022,16-May-22,31,1,Y,woolly cupgrass,136,415,415,15.24614254,283.3404167
2022,24-May-22,31,1,Y,woolly cupgrass,144,1408,1823,66.97281411,359.6108333
2022,31-May-22,31,1,Y,woolly cupgrass,151,174,1997,73.36517267,431.65875
2022,14-Jun-22,31,1,Y,woolly cupgrass,165,92,2089,76.74504041,487.49625
2022,23-Jun-22,31,1,Y,woolly cupgrass,174,8,2097,77.03894195,487.49625
2022,5-Jul-22,31,1,Y,woolly cupgrass,186,3,2100,77.14915503,517.3558333
2022,11-Jul-22,31,1,Y,woolly cupgrass,192,614,2714,99.70609846,604.6641667
2022,25-Jul-22,31,1,Y,woolly cupgrass,206,8,2722,100,703.5995833
2022,9-Aug-22,31,1,Y,woolly cupgrass,221,0,2722,100,770.6991667
2022,26-Aug-22,31,1,Y,woolly cupgrass,238,0,2722,100,1075.804167
2022,16-Sep-22,31,1,Y,woolly cupgrass,259,0,2722,100,1333.643333
2022,15-Apr-22,32,2,Y,woolly cupgrass,105,0,0,0.001,39.87625
2022,25-Apr-22,32,2,Y,woolly cupgrass,115,0,0,0.001,73.10291667
2022,5-May-22,32,2,Y,woolly cupgrass,125,0,0,0.001,122.5958333
2022,16-May-22,32,2,Y,woolly cupgrass,136,508,508,23.68298368,283.3404167
2022,24-May-22,32,2,Y,woolly cupgrass,144,852,1360,63.4032634,359.6108333
2022,31-May-22,32,2,Y,woolly cupgrass,151,131,1491,69.51048951,431.65875
2022,14-Jun-22,32,2,Y,woolly cupgrass,165,117,1608,74.96503497,487.49625
2022,23-Jun-22,32,2,Y,woolly cupgrass,174,33,1641,76.5034965,487.49625
2022,5-Jul-22,32,2,Y,woolly cupgrass,186,12,1653,77.06293706,517.3558333
2022,11-Jul-22,32,2,Y,woolly cupgrass,192,482,2135,99.53379953,604.6641667
2022,25-Jul-22,32,2,Y,woolly cupgrass,206,8,2143,99.90675991,703.5995833
2022,9-Aug-22,32,2,Y,woolly cupgrass,221,0,2143,99.90675991,770.6991667
2022,26-Aug-22,32,2,Y,woolly cupgrass,238,2,2145,100,1075.804167
2022,16-Sep-22,32,2,Y,woolly cupgrass,259,0,2145,100,1333.643333
2022,15-Apr-22,33,3,Y,woolly cupgrass,105,0,0,0.001,39.87625
2022,25-Apr-22,33,3,Y,woolly cupgrass,115,0,0,0.001,73.10291667
2022,5-May-22,33,3,Y,woolly cupgrass,125,0,0,0.001,122.5958333
2022,16-May-22,33,3,Y,woolly cupgrass,136,394,394,16.89536878,283.3404167
2022,24-May-22,33,3,Y,woolly cupgrass,144,1208,1602,68.69639794,359.6108333
2022,31-May-22,33,3,Y,woolly cupgrass,151,194,1796,77.01543739,431.65875
2022,14-Jun-22,33,3,Y,woolly cupgrass,165,134,1930,82.76157804,487.49625
2022,23-Jun-22,33,3,Y,woolly cupgrass,174,32,1962,84.13379074,487.49625
2022,5-Jul-22,33,3,Y,woolly cupgrass,186,5,1967,84.34819897,517.3558333
2022,11-Jul-22,33,3,Y,woolly cupgrass,192,354,2321,99.52830189,604.6641667
2022,25-Jul-22,33,3,Y,woolly cupgrass,206,7,2328,99.82847341,703.5995833
2022,9-Aug-22,33,3,Y,woolly cupgrass,221,0,2328,99.82847341,770.6991667
2022,26-Aug-22,33,3,Y,woolly cupgrass,238,4,2332,100,1075.804167
2022,16-Sep-22,33,3,Y,woolly cupgrass,259,0,2332,100,1333.643333
2022,15-Apr-22,34,1,N,woolly cupgrass,105,0,0,0.001,64.18791667
2022,25-Apr-22,34,1,N,woolly cupgrass,115,0,0,0.001,109.5575
2022,5-May-22,34,1,N,woolly cupgrass,125,0,0,0.001,174.5891667
2022,16-May-22,34,1,N,woolly cupgrass,136,781,781,56.2275018,338.7225
2022,24-May-22,34,1,N,woolly cupgrass,144,227,1008,72.57019438,422.1291667
2022,31-May-22,34,1,N,woolly cupgrass,151,126,1134,81.64146868,496.895
2022,14-Jun-22,34,1,N,woolly cupgrass,165,8,1142,82.21742261,546.615
2022,23-Jun-22,34,1,N,woolly cupgrass,174,115,1257,90.49676026,546.615
2022,5-Jul-22,34,1,N,woolly cupgrass,186,29,1286,92.58459323,578.78
2022,11-Jul-22,34,1,N,woolly cupgrass,192,88,1374,98.92008639,663.8954167
2022,25-Jul-22,34,1,N,woolly cupgrass,206,15,1389,100,761.7166667
2022,9-Aug-22,34,1,N,woolly cupgrass,221,0,1389,100,833.9975
2022,26-Aug-22,34,1,N,woolly cupgrass,238,0,1389,100,1166.98375
2022,16-Sep-22,34,1,N,woolly cupgrass,259,0,1389,100,1425.402917
2022,15-Apr-22,35,2,N,woolly cupgrass,105,0,0,0.001,64.18791667
2022,25-Apr-22,35,2,N,woolly cupgrass,115,0,0,0.001,109.5575
2022,5-May-22,35,2,N,woolly cupgrass,125,0,0,0.001,174.5891667
2022,16-May-22,35,2,N,woolly cupgrass,136,856,856,56.09436435,338.7225
2022,24-May-22,35,2,N,woolly cupgrass,144,315,1171,76.73656619,422.1291667
2022,31-May-22,35,2,N,woolly cupgrass,151,215,1386,90.82568807,496.895
2022,14-Jun-22,35,2,N,woolly cupgrass,165,5,1391,91.15334207,546.615
2022,23-Jun-22,35,2,N,woolly cupgrass,174,73,1464,95.93709043,546.615
2022,5-Jul-22,35,2,N,woolly cupgrass,186,14,1478,96.85452163,578.78
2022,11-Jul-22,35,2,N,woolly cupgrass,192,42,1520,99.6068152,663.8954167
2022,25-Jul-22,35,2,N,woolly cupgrass,206,6,1526,100,761.7166667
2022,9-Aug-22,35,2,N,woolly cupgrass,221,0,1526,100,833.9975
2022,26-Aug-22,35,2,N,woolly cupgrass,238,0,1526,100,1166.98375
2022,16-Sep-22,35,2,N,woolly cupgrass,259,0,1526,100,1425.402917
2022,15-Apr-22,36,3,N,woolly cupgrass,105,0,0,0.001,64.18791667
2022,25-Apr-22,36,3,N,woolly cupgrass,115,0,0,0.001,109.5575
2022,5-May-22,36,3,N,woolly cupgrass,125,0,0,0.001,174.5891667
2022,16-May-22,36,3,N,woolly cupgrass,136,632,632,42.78943805,338.7225
2022,24-May-22,36,3,N,woolly cupgrass,144,288,920,62.28842248,422.1291667
2022,31-May-22,36,3,N,woolly cupgrass,151,358,1278,86.5267434,496.895
2022,14-Jun-22,36,3,N,woolly cupgrass,165,0,1278,86.5267434,546.615
2022,23-Jun-22,36,3,N,woolly cupgrass,174,85,1363,92.281652,546.615
2022,5-Jul-22,36,3,N,woolly cupgrass,186,22,1385,93.77115775,578.78
2022,11-Jul-22,36,3,N,woolly cupgrass,192,74,1459,98.78131347,663.8954167
2022,25-Jul-22,36,3,N,woolly cupgrass,206,18,1477,100,761.7166667
2022,9-Aug-22,36,3,N,woolly cupgrass,221,0,1477,100,833.9975
2022,26-Aug-22,36,3,N,woolly cupgrass,238,0,1477,100,1166.98375
2022,16-Sep-22,36,3,N,woolly cupgrass,259,0,1477,100,1425.402917
2023,13-Apr,7,1,N,giant ragweed,103,0,0,0.001,58.4475
2023,18-Apr,7,1,N,giant ragweed,108,0,0,0.001,100.2783333
2023,26-Apr,7,1,N,giant ragweed,116,0,0,0.001,162.1870833
2023,1-May,7,1,N,giant ragweed,121,8,8,9.756097561,326.5441667
2023,7-May,7,1,N,giant ragweed,127,17,25,30.48780488,411.2158333
2023,12-May,7,1,N,giant ragweed,132,11,36,43.90243902,483.3670833
2023,23-May,7,1,N,giant ragweed,143,13,49,59.75609756,538.9133333
2023,30-May,7,1,N,giant ragweed,150,7,56,68.29268293,538.9133333
2023,13-Jun,7,1,N,giant ragweed,164,8,64,78.04878049,570.75625
2023,23-Jun,7,1,N,giant ragweed,174,0,64,78.04878049,653.7525
2023,30-Jun,7,1,N,giant ragweed,181,0,64,78.04878049,753.0825
2023,6-Jul,7,1,N,giant ragweed,187,18,82,100,824.6779167
2023,14-Jul,7,1,N,giant ragweed,195,0,82,100,1148.667917
2023,20-Jul,7,1,N,giant ragweed,201,0,82,100,1411.90125
2023,2-Aug,7,1,N,giant ragweed,214,0,82,100,58.4475
2023,16-Aug,7,1,N,giant ragweed,228,0,82,100,100.2783333
2023,13-Apr,8,2,N,giant ragweed,103,0,0,0.001,162.1870833
2023,18-Apr,8,2,N,giant ragweed,108,0,0,0.001,326.5441667
2023,26-Apr,8,2,N,giant ragweed,116,1,1,1.492537313,411.2158333
2023,1-May,8,2,N,giant ragweed,121,6,7,10.44776119,483.3670833
2023,7-May,8,2,N,giant ragweed,127,14,21,31.34328358,538.9133333
2023,12-May,8,2,N,giant ragweed,132,16,37,55.2238806,538.9133333
2023,23-May,8,2,N,giant ragweed,143,8,45,67.1641791,570.75625
2023,30-May,8,2,N,giant ragweed,150,5,50,74.62686567,653.7525
2023,13-Jun,8,2,N,giant ragweed,164,9,59,88.05970149,753.0825
2023,23-Jun,8,2,N,giant ragweed,174,3,62,92.53731343,824.6779167
2023,30-Jun,8,2,N,giant ragweed,181,0,62,92.53731343,1148.667917
2023,6-Jul,8,2,N,giant ragweed,187,5,67,100,1411.90125
2023,14-Jul,8,2,N,giant ragweed,195,0,67,100,58.4475
2023,20-Jul,8,2,N,giant ragweed,201,0,67,100,100.2783333
2023,2-Aug,8,2,N,giant ragweed,214,0,67,100,162.1870833
2023,16-Aug,8,2,N,giant ragweed,228,0,67,100,326.5441667
2023,13-Apr,9,3,N,giant ragweed,103,0,0,0.001,411.2158333
2023,18-Apr,9,3,N,giant ragweed,108,0,0,0.001,483.3670833
2023,26-Apr,9,3,N,giant ragweed,116,2,2,7.692307692,538.9133333
2023,1-May,9,3,N,giant ragweed,121,4,6,23.07692308,538.9133333
2023,7-May,9,3,N,giant ragweed,127,8,14,53.84615385,570.75625
2023,12-May,9,3,N,giant ragweed,132,5,19,73.07692308,653.7525
2023,23-May,9,3,N,giant ragweed,143,4,23,88.46153846,753.0825
2023,30-May,9,3,N,giant ragweed,150,0,23,88.46153846,824.6779167
2023,13-Jun,9,3,N,giant ragweed,164,0,23,88.46153846,1148.667917
2023,23-Jun,9,3,N,giant ragweed,174,0,23,88.46153846,1411.90125
2023,30-Jun,9,3,N,giant ragweed,181,0,23,88.46153846,85.78958333
2023,6-Jul,9,3,N,giant ragweed,187,3,26,100,140.44
2023,14-Jul,9,3,N,giant ragweed,195,0,26,100,218.16375
2023,20-Jul,9,3,N,giant ragweed,201,0,26,100,391.7916667
2023,2-Aug,9,3,N,giant ragweed,214,0,26,100,480.2458333
2023,16-Aug,9,3,N,giant ragweed,228,0,26,100,558.9066667
2023,13-Apr,10,1,Y,giant ragweed,103,2,2,1.694915254,606.02875
2023,18-Apr,10,1,Y,giant ragweed,108,4,6,5.084745763,606.02875
2023,26-Apr,10,1,Y,giant ragweed,116,5,11,9.322033898,640.1770833
2023,1-May,10,1,Y,giant ragweed,121,16,27,22.88135593,718.0129167
2023,7-May,10,1,Y,giant ragweed,127,15,42,35.59322034,814.0583333
2023,12-May,10,1,Y,giant ragweed,132,24,66,55.93220339,890.7975
2023,23-May,10,1,Y,giant ragweed,143,8,74,62.71186441,1238.71
2023,30-May,10,1,Y,giant ragweed,150,4,78,66.10169492,1500.765417
2023,13-Jun,10,1,Y,giant ragweed,164,5,83,70.33898305,85.78958333
2023,23-Jun,10,1,Y,giant ragweed,174,9,92,77.96610169,140.44
2023,30-Jun,10,1,Y,giant ragweed,181,0,92,77.96610169,218.16375
2023,6-Jul,10,1,Y,giant ragweed,187,26,118,100,391.7916667
2023,14-Jul,10,1,Y,giant ragweed,195,0,118,100,480.2458333
2023,20-Jul,10,1,Y,giant ragweed,201,0,118,100,558.9066667
2023,2-Aug,10,1,Y,giant ragweed,214,0,118,100,606.02875
2023,16-Aug,10,1,Y,giant ragweed,228,0,118,100,606.02875
2023,13-Apr,11,2,Y,giant ragweed,103,2,2,2.06185567,640.1770833
2023,18-Apr,11,2,Y,giant ragweed,108,10,12,12.37113402,718.0129167
2023,26-Apr,11,2,Y,giant ragweed,116,8,20,20.6185567,814.0583333
2023,1-May,11,2,Y,giant ragweed,121,11,31,31.95876289,890.7975
2023,7-May,11,2,Y,giant ragweed,127,12,43,44.32989691,1238.71
2023,12-May,11,2,Y,giant ragweed,132,16,59,60.82474227,1500.765417
2023,23-May,11,2,Y,giant ragweed,143,6,65,67.01030928,85.78958333
2023,30-May,11,2,Y,giant ragweed,150,6,71,73.19587629,140.44
2023,13-Jun,11,2,Y,giant ragweed,164,5,76,78.35051546,218.16375
2023,23-Jun,11,2,Y,giant ragweed,174,0,76,78.35051546,391.7916667
2023,30-Jun,11,2,Y,giant ragweed,181,0,76,78.35051546,480.2458333
2023,6-Jul,11,2,Y,giant ragweed,187,21,97,100,558.9066667
2023,14-Jul,11,2,Y,giant ragweed,195,0,97,100,606.02875
2023,20-Jul,11,2,Y,giant ragweed,201,0,97,100,606.02875
2023,2-Aug,11,2,Y,giant ragweed,214,0,97,100,640.1770833
2023,16-Aug,11,2,Y,giant ragweed,228,0,97,100,718.0129167
2023,13-Apr,12,3,Y,giant ragweed,103,1,1,0.537634409,814.0583333
2023,18-Apr,12,3,Y,giant ragweed,108,13,14,7.52688172,890.7975
2023,26-Apr,12,3,Y,giant ragweed,116,11,25,13.44086022,1238.71
2023,1-May,12,3,Y,giant ragweed,121,20,45,24.19354839,1500.765417
2023,7-May,12,3,Y,giant ragweed,127,28,73,39.24731183,57.0425
2023,12-May,12,3,Y,giant ragweed,132,43,116,62.3655914,59.67875
2023,23-May,12,3,Y,giant ragweed,143,12,128,68.8172043,72.45166667
2023,30-May,12,3,Y,giant ragweed,150,7,135,72.58064516,99.02416667
2023,13-Jun,12,3,Y,giant ragweed,164,14,149,80.10752688,112.03
2023,23-Jun,12,3,Y,giant ragweed,174,4,153,82.25806452,114.0554167
2023,30-Jun,12,3,Y,giant ragweed,181,0,153,82.25806452,166.7404167
2023,6-Jul,12,3,Y,giant ragweed,187,33,186,100,166.7404167
2023,14-Jul,12,3,Y,giant ragweed,195,0,186,100,188.23875
2023,20-Jul,12,3,Y,giant ragweed,201,0,186,100,203.7279167
2023,2-Aug,12,3,Y,giant ragweed,214,0,186,100,263.3325
2023,16-Aug,12,3,Y,giant ragweed,228,0,186,100,302.0754167
2023,13-Apr,13,1,Y,waterhemp,103,0,0,0.001,330.4341667
2023,18-Apr,13,1,Y,waterhemp,108,0,0,0.001,387.1491667
2023,26-Apr,13,1,Y,waterhemp,116,0,0,0.001,527.8066667
2023,1-May,13,1,Y,waterhemp,121,0,0,0.001,604.54625
2023,7-May,13,1,Y,waterhemp,127,0,0,0.001,57.0425
2023,12-May,13,1,Y,waterhemp,132,0,0,0.001,59.67875
2023,23-May,13,1,Y,waterhemp,143,0,0,0.001,72.45166667
2023,30-May,13,1,Y,waterhemp,150,29,29,20.13888889,99.02416667
2023,13-Jun,13,1,Y,waterhemp,164,24,53,36.80555556,112.03
2023,23-Jun,13,1,Y,waterhemp,174,2,55,38.19444444,114.0554167
2023,30-Jun,13,1,Y,waterhemp,181,12,67,46.52777778,166.7404167
2023,6-Jul,13,1,Y,waterhemp,187,51,118,81.94444444,166.7404167
2023,14-Jul,13,1,Y,waterhemp,195,4,122,84.72222222,188.23875
2023,20-Jul,13,1,Y,waterhemp,201,4,126,87.5,203.7279167
2023,2-Aug,13,1,Y,waterhemp,214,12,138,95.83333333,263.3325
2023,16-Aug,13,1,Y,waterhemp,228,6,144,100,302.0754167
2023,13-Apr,14,2,Y,waterhemp,103,0,0,0.001,330.4341667
2023,18-Apr,14,2,Y,waterhemp,108,0,0,0.001,387.1491667
2023,26-Apr,14,2,Y,waterhemp,116,0,0,0.001,527.8066667
2023,1-May,14,2,Y,waterhemp,121,0,0,0.001,604.54625
2023,7-May,14,2,Y,waterhemp,127,0,0,0.001,57.0425
2023,12-May,14,2,Y,waterhemp,132,0,0,0.001,59.67875
2023,23-May,14,2,Y,waterhemp,143,0,0,0.001,72.45166667
2023,30-May,14,2,Y,waterhemp,150,0,0,0.001,99.02416667
2023,13-Jun,14,2,Y,waterhemp,164,22,22,14.19354839,112.03
2023,23-Jun,14,2,Y,waterhemp,174,28,50,32.25806452,114.0554167
2023,30-Jun,14,2,Y,waterhemp,181,15,65,41.93548387,166.7404167
2023,6-Jul,14,2,Y,waterhemp,187,64,129,83.22580645,166.7404167
2023,14-Jul,14,2,Y,waterhemp,195,8,137,88.38709677,188.23875
2023,20-Jul,14,2,Y,waterhemp,201,3,140,90.32258065,203.7279167
2023,2-Aug,14,2,Y,waterhemp,214,4,144,92.90322581,263.3325
2023,16-Aug,14,2,Y,waterhemp,228,11,155,100,302.0754167
2023,13-Apr,15,3,Y,waterhemp,103,0,0,0.001,330.4341667
2023,18-Apr,15,3,Y,waterhemp,108,0,0,0.001,387.1491667
2023,26-Apr,15,3,Y,waterhemp,116,0,0,0.001,527.8066667
2023,1-May,15,3,Y,waterhemp,121,0,0,0.001,604.54625
2023,7-May,15,3,Y,waterhemp,127,0,0,0.001,50.55708333
2023,12-May,15,3,Y,waterhemp,132,0,0,0.001,53.21
2023,23-May,15,3,Y,waterhemp,143,0,0,0.001,58.42583333
2023,30-May,15,3,Y,waterhemp,150,0,0,0.001,76.06416667
2023,13-Jun,15,3,Y,waterhemp,164,34,34,22.07792208,89.03583333
2023,23-Jun,15,3,Y,waterhemp,174,0,34,22.07792208,93.07666667
2023,30-Jun,15,3,Y,waterhemp,181,27,61,39.61038961,141.5941667
2023,6-Jul,15,3,Y,waterhemp,187,71,132,85.71428571,141.5941667
2023,14-Jul,15,3,Y,waterhemp,195,5,137,88.96103896,160.56125
2023,20-Jul,15,3,Y,waterhemp,201,2,139,90.25974026,175.6175
2023,2-Aug,15,3,Y,waterhemp,214,8,147,95.45454545,231.71125
2023,16-Aug,15,3,Y,waterhemp,228,7,154,100,266.2504167
2023,13-Apr,16,1,N,waterhemp,103,0,0,0.001,294.1191667
2023,18-Apr,16,1,N,waterhemp,108,0,0,0.001,351.49875
2023,26-Apr,16,1,N,waterhemp,116,0,0,0.001,484.0075
2023,1-May,16,1,N,waterhemp,121,0,0,0.001,555.9570833
2023,7-May,16,1,N,waterhemp,127,0,0,0.001,50.55708333
2023,12-May,16,1,N,waterhemp,132,0,0,0.001,53.21
2023,23-May,16,1,N,waterhemp,143,0,0,0.001,58.42583333
2023,30-May,16,1,N,waterhemp,150,0,0,0.001,76.06416667
2023,13-Jun,16,1,N,waterhemp,164,56,56,24.66960352,89.03583333
2023,23-Jun,16,1,N,waterhemp,174,57,113,49.77973568,93.07666667
2023,30-Jun,16,1,N,waterhemp,181,32,145,63.87665198,141.5941667
2023,6-Jul,16,1,N,waterhemp,187,8,153,67.40088106,141.5941667
2023,14-Jul,16,1,N,waterhemp,195,48,201,88.54625551,160.56125
2023,20-Jul,16,1,N,waterhemp,201,12,213,93.83259912,175.6175
2023,2-Aug,16,1,N,waterhemp,214,4,217,95.59471366,231.71125
2023,16-Aug,16,1,N,waterhemp,228,10,227,100,266.2504167
2023,13-Apr,17,2,N,waterhemp,103,0,0,0.001,294.1191667
2023,18-Apr,17,2,N,waterhemp,108,0,0,0.001,351.49875
2023,26-Apr,17,2,N,waterhemp,116,0,0,0.001,484.0075
2023,1-May,17,2,N,waterhemp,121,0,0,0.001,555.9570833
2023,7-May,17,2,N,waterhemp,127,0,0,0.001,50.55708333
2023,12-May,17,2,N,waterhemp,132,0,0,0.001,53.21
2023,23-May,17,2,N,waterhemp,143,0,0,0.001,58.42583333
2023,30-May,17,2,N,waterhemp,150,0,0,0.001,76.06416667
2023,13-Jun,17,2,N,waterhemp,164,59,59,21.9330855,89.03583333
2023,23-Jun,17,2,N,waterhemp,174,8,67,24.9070632,93.07666667
2023,30-Jun,17,2,N,waterhemp,181,34,101,37.5464684,141.5941667
2023,6-Jul,17,2,N,waterhemp,187,22,123,45.72490706,141.5941667
2023,14-Jul,17,2,N,waterhemp,195,28,151,56.133829,160.56125
2023,20-Jul,17,2,N,waterhemp,201,48,199,73.97769517,175.6175
2023,2-Aug,17,2,N,waterhemp,214,52,251,93.30855019,231.71125
2023,16-Aug,17,2,N,waterhemp,228,18,269,100,266.2504167
2023,13-Apr,18,3,N,waterhemp,103,0,0,0.001,294.1191667
2023,18-Apr,18,3,N,waterhemp,108,0,0,0.001,351.49875
2023,26-Apr,18,3,N,waterhemp,116,0,0,0.001,484.0075
2023,1-May,18,3,N,waterhemp,121,0,0,0.001,555.9570833
2023,7-May,18,3,N,waterhemp,127,0,0,0.001,123.3308333
2023,12-May,18,3,N,waterhemp,132,0,0,0.001,171.8583333
2023,23-May,18,3,N,waterhemp,143,0,0,0.001,208.2233333
2023,30-May,18,3,N,waterhemp,150,0,0,0.001,257.025
2023,13-Jun,18,3,N,waterhemp,164,49,49,22.1719457,343.0579167
2023,23-Jun,18,3,N,waterhemp,174,45,94,42.53393665,439.11
2023,30-Jun,18,3,N,waterhemp,181,58,152,68.77828054,632.0233333
2023,6-Jul,18,3,N,waterhemp,187,4,156,70.58823529,787.405
2023,14-Jul,18,3,N,waterhemp,195,21,177,80.09049774,1064.8825
2023,20-Jul,18,3,N,waterhemp,201,15,192,86.87782805,1310.216667
2023,2-Aug,18,3,N,waterhemp,214,17,209,94.57013575,1426.514583
2023,16-Aug,18,3,N,waterhemp,228,12,221,100,1573.422917
2023,13-Apr,19,1,Y,common lambsquarters,103,0,0,0.001,1750.439583
2023,18-Apr,19,1,Y,common lambsquarters,108,22,22,4.761904762,1883.044583
2023,26-Apr,19,1,Y,common lambsquarters,116,36,58,12.55411255,2200.670417
2023,1-May,19,1,Y,common lambsquarters,121,8,66,14.28571429,2527.424583
2023,7-May,19,1,Y,common lambsquarters,127,124,190,41.12554113,123.3308333
2023,12-May,19,1,Y,common lambsquarters,132,88,278,60.17316017,171.8583333
2023,23-May,19,1,Y,common lambsquarters,143,36,314,67.96536797,208.2233333
2023,30-May,19,1,Y,common lambsquarters,150,22,336,72.72727273,257.025
2023,13-Jun,19,1,Y,common lambsquarters,164,4,340,73.59307359,343.0579167
2023,23-Jun,19,1,Y,common lambsquarters,174,3,343,74.24242424,439.11
2023,30-Jun,19,1,Y,common lambsquarters,181,25,368,79.65367965,632.0233333
2023,6-Jul,19,1,Y,common lambsquarters,187,72,440,95.23809524,787.405
2023,14-Jul,19,1,Y,common lambsquarters,195,16,456,98.7012987,1064.8825
2023,20-Jul,19,1,Y,common lambsquarters,201,6,462,100,1310.216667
2023,2-Aug,19,1,Y,common lambsquarters,214,0,462,100,1426.514583
2023,16-Aug,19,1,Y,common lambsquarters,228,0,462,100,1573.422917
2023,13-Apr,20,2,Y,common lambsquarters,103,0,0,0.001,1750.439583
2023,18-Apr,20,2,Y,common lambsquarters,108,26,26,6.435643564,1883.044583
2023,26-Apr,20,2,Y,common lambsquarters,116,22,48,11.88118812,2200.670417
2023,1-May,20,2,Y,common lambsquarters,121,7,55,13.61386139,2527.424583
2023,7-May,20,2,Y,common lambsquarters,127,78,133,32.92079208,123.3308333
2023,12-May,20,2,Y,common lambsquarters,132,121,254,62.87128713,171.8583333
2023,23-May,20,2,Y,common lambsquarters,143,15,269,66.58415842,208.2233333
2023,30-May,20,2,Y,common lambsquarters,150,33,302,74.75247525,257.025
2023,13-Jun,20,2,Y,common lambsquarters,164,5,307,75.99009901,343.0579167
2023,23-Jun,20,2,Y,common lambsquarters,174,4,311,76.98019802,439.11
2023,30-Jun,20,2,Y,common lambsquarters,181,13,324,80.1980198,632.0233333
2023,6-Jul,20,2,Y,common lambsquarters,187,58,382,94.55445545,787.405
2023,14-Jul,20,2,Y,common lambsquarters,195,20,402,99.5049505,1064.8825
2023,20-Jul,20,2,Y,common lambsquarters,201,2,404,100,1310.216667
2023,2-Aug,20,2,Y,common lambsquarters,214,0,404,100,1426.514583
2023,16-Aug,20,2,Y,common lambsquarters,228,0,404,100,1573.422917
2023,13-Apr,21,3,Y,common lambsquarters,103,0,0,0.001,1750.439583
2023,18-Apr,21,3,Y,common lambsquarters,108,19,19,6.810035842,1883.044583
2023,26-Apr,21,3,Y,common lambsquarters,116,31,50,17.92114695,2200.670417
2023,1-May,21,3,Y,common lambsquarters,121,5,55,19.71326165,2527.424583
2023,7-May,21,3,Y,common lambsquarters,127,64,119,42.65232975,94.16666667
2023,12-May,21,3,Y,common lambsquarters,132,71,190,68.10035842,135.10625
2023,23-May,21,3,Y,common lambsquarters,143,12,202,72.40143369,161.0566667
2023,30-May,21,3,Y,common lambsquarters,150,14,216,77.41935484,200.2775
2023,13-Jun,21,3,Y,common lambsquarters,164,3,219,78.49462366,274.5979167
2023,23-Jun,21,3,Y,common lambsquarters,174,2,221,79.21146953,361.13375
2023,30-Jun,21,3,Y,common lambsquarters,181,10,231,82.79569892,530.0495833
2023,6-Jul,21,3,Y,common lambsquarters,187,34,265,94.98207885,668.15875
2023,14-Jul,21,3,Y,common lambsquarters,195,11,276,98.92473118,954.7583333
2023,20-Jul,21,3,Y,common lambsquarters,201,3,279,100,1175.556667
2023,2-Aug,21,3,Y,common lambsquarters,214,0,279,100,1299.491667
2023,16-Aug,21,3,Y,common lambsquarters,228,0,279,100,1433.1675
2023,13-Apr,22,1,N,common lambsquarters,103,0,0,0.001,1592.28625
2023,18-Apr,22,1,N,common lambsquarters,108,8,8,2.666666667,1712.662083
2023,26-Apr,22,1,N,common lambsquarters,116,14,22,7.333333333,2004.248333
2023,1-May,22,1,N,common lambsquarters,121,19,41,13.66666667,2303.9075
2023,7-May,22,1,N,common lambsquarters,127,18,59,19.66666667,94.16666667
2023,12-May,22,1,N,common lambsquarters,132,20,79,26.33333333,135.10625
2023,23-May,22,1,N,common lambsquarters,143,29,108,36,161.0566667
2023,30-May,22,1,N,common lambsquarters,150,47,155,51.66666667,200.2775
2023,13-Jun,22,1,N,common lambsquarters,164,3,158,52.66666667,274.5979167
2023,23-Jun,22,1,N,common lambsquarters,174,7,165,55,361.13375
2023,30-Jun,22,1,N,common lambsquarters,181,45,210,70,530.0495833
2023,6-Jul,22,1,N,common lambsquarters,187,28,238,79.33333333,668.15875
2023,14-Jul,22,1,N,common lambsquarters,195,52,290,96.66666667,954.7583333
2023,20-Jul,22,1,N,common lambsquarters,201,10,300,100,1175.556667
2023,2-Aug,22,1,N,common lambsquarters,214,0,300,100,1299.491667
2023,16-Aug,22,1,N,common lambsquarters,228,0,300,100,1433.1675
2023,13-Apr,23,2,N,common lambsquarters,103,0,0,0.001,1592.28625
2023,18-Apr,23,2,N,common lambsquarters,108,6,6,2.803738318,1712.662083
2023,26-Apr,23,2,N,common lambsquarters,116,8,14,6.542056075,2004.248333
2023,1-May,23,2,N,common lambsquarters,121,16,30,14.01869159,2303.9075
2023,7-May,23,2,N,common lambsquarters,127,38,68,31.77570093,94.16666667
2023,12-May,23,2,N,common lambsquarters,132,15,83,38.78504673,135.10625
2023,23-May,23,2,N,common lambsquarters,143,21,104,48.59813084,161.0566667
2023,30-May,23,2,N,common lambsquarters,150,18,122,57.00934579,200.2775
2023,13-Jun,23,2,N,common lambsquarters,164,15,137,64.01869159,274.5979167
2023,23-Jun,23,2,N,common lambsquarters,174,2,139,64.95327103,361.13375
2023,30-Jun,23,2,N,common lambsquarters,181,14,153,71.4953271,530.0495833
2023,6-Jul,23,2,N,common lambsquarters,187,9,162,75.70093458,668.15875
2023,14-Jul,23,2,N,common lambsquarters,195,40,202,94.39252336,954.7583333
2023,20-Jul,23,2,N,common lambsquarters,201,12,214,100,1175.556667
2023,2-Aug,23,2,N,common lambsquarters,214,0,214,100,1299.491667
2023,16-Aug,23,2,N,common lambsquarters,228,0,214,100,1433.1675
2023,13-Apr,24,3,N,common lambsquarters,103,0,0,0.001,1592.28625
2023,18-Apr,24,3,N,common lambsquarters,108,5,5,2.717391304,1712.662083
2023,26-Apr,24,3,N,common lambsquarters,116,9,14,7.608695652,2004.248333
2023,1-May,24,3,N,common lambsquarters,121,35,49,26.63043478,2303.9075
2023,7-May,24,3,N,common lambsquarters,127,15,64,34.7826087,24.58416667
2023,12-May,24,3,N,common lambsquarters,132,10,74,40.2173913,24.61291667
2023,23-May,24,3,N,common lambsquarters,143,15,89,48.36956522,25.74125
2023,30-May,24,3,N,common lambsquarters,150,12,101,54.89130435,33.93333333
2023,13-Jun,24,3,N,common lambsquarters,164,11,112,60.86956522,37.39625
2023,23-Jun,24,3,N,common lambsquarters,174,0,112,60.86956522,37.39625
2023,30-Jun,24,3,N,common lambsquarters,181,18,130,70.65217391,59.35708333
2023,6-Jul,24,3,N,common lambsquarters,187,8,138,75,59.35708333
2023,14-Jul,24,3,N,common lambsquarters,195,32,170,92.39130435,71.24208333
2023,20-Jul,24,3,N,common lambsquarters,201,14,184,100,75.88666667
2023,2-Aug,24,3,N,common lambsquarters,214,0,184,100,110.43125
2023,16-Aug,24,3,N,common lambsquarters,228,0,184,100,136.9704167
2023,13-Apr,25,1,Y,common ragweed,103,0,0,0.001,154.0783333
2023,18-Apr,25,1,Y,common ragweed,108,21,21,20.58823529,185.855
2023,26-Apr,25,1,Y,common ragweed,116,30,51,50,286.2833333
2023,1-May,25,1,Y,common ragweed,121,7,58,56.8627451,335.3225
2023,7-May,25,1,Y,common ragweed,127,16,74,72.54901961,24.58416667
2023,12-May,25,1,Y,common ragweed,132,13,87,85.29411765,24.61291667
2023,23-May,25,1,Y,common ragweed,143,7,94,92.15686275,25.74125
2023,30-May,25,1,Y,common ragweed,150,0,94,92.15686275,33.93333333
2023,13-Jun,25,1,Y,common ragweed,164,0,94,92.15686275,37.39625
2023,23-Jun,25,1,Y,common ragweed,174,0,94,92.15686275,37.39625
2023,30-Jun,25,1,Y,common ragweed,181,0,94,92.15686275,59.35708333
2023,6-Jul,25,1,Y,common ragweed,187,8,102,100,59.35708333
2023,14-Jul,25,1,Y,common ragweed,195,0,102,100,71.24208333
2023,20-Jul,25,1,Y,common ragweed,201,0,102,100,75.88666667
2023,2-Aug,25,1,Y,common ragweed,214,0,102,100,110.43125
2023,16-Aug,25,1,Y,common ragweed,228,0,102,100,136.9704167
2023,13-Apr,26,2,Y,common ragweed,103,0,0,0.001,154.0783333
2023,18-Apr,26,2,Y,common ragweed,108,1,1,0.534759358,185.855
2023,26-Apr,26,2,Y,common ragweed,116,21,22,11.76470588,286.2833333
2023,1-May,26,2,Y,common ragweed,121,31,53,28.34224599,335.3225
2023,7-May,26,2,Y,common ragweed,127,22,75,40.10695187,24.58416667
2023,12-May,26,2,Y,common ragweed,132,45,120,64.17112299,24.61291667
2023,23-May,26,2,Y,common ragweed,143,28,148,79.14438503,25.74125
2023,30-May,26,2,Y,common ragweed,150,7,155,82.88770053,33.93333333
2023,13-Jun,26,2,Y,common ragweed,164,15,170,90.90909091,37.39625
2023,23-Jun,26,2,Y,common ragweed,174,0,170,90.90909091,37.39625
2023,30-Jun,26,2,Y,common ragweed,181,2,172,91.97860963,59.35708333
2023,6-Jul,26,2,Y,common ragweed,187,14,186,99.46524064,59.35708333
2023,14-Jul,26,2,Y,common ragweed,195,0,186,99.46524064,71.24208333
2023,20-Jul,26,2,Y,common ragweed,201,0,186,99.46524064,75.88666667
2023,2-Aug,26,2,Y,common ragweed,214,1,187,100,110.43125
2023,16-Aug,26,2,Y,common ragweed,228,0,187,100,136.9704167
2023,13-Apr,27,3,Y,common ragweed,103,0,0,0.001,154.0783333
2023,18-Apr,27,3,Y,common ragweed,108,2,2,2.777777778,185.855
2023,26-Apr,27,3,Y,common ragweed,116,8,10,13.88888889,286.2833333
2023,1-May,27,3,Y,common ragweed,121,13,23,31.94444444,335.3225
2023,7-May,27,3,Y,common ragweed,127,10,33,45.83333333,31.12458333
2023,12-May,27,3,Y,common ragweed,132,12,45,62.5,32.20208333
2023,23-May,27,3,Y,common ragweed,143,3,48,66.66666667,37.36166667
2023,30-May,27,3,Y,common ragweed,150,3,51,70.83333333,53.19375
2023,13-Jun,27,3,Y,common ragweed,164,0,51,70.83333333,59.4975
2023,23-Jun,27,3,Y,common ragweed,174,0,51,70.83333333,59.4975
2023,30-Jun,27,3,Y,common ragweed,181,0,51,70.83333333,80.25041667
2023,6-Jul,27,3,Y,common ragweed,187,21,72,100,80.25041667
2023,14-Jul,27,3,Y,common ragweed,195,0,72,100,94.53166667
2023,20-Jul,27,3,Y,common ragweed,201,0,72,100,98.74375
2023,2-Aug,27,3,Y,common ragweed,214,0,72,100,136.3291667
2023,16-Aug,27,3,Y,common ragweed,228,0,72,100,167.0720833
2023,13-Apr,28,1,N,common ragweed,103,0,0,0.001,184.5775
2023,18-Apr,28,1,N,common ragweed,108,7,7,3.056768559,217.5466667
2023,26-Apr,28,1,N,common ragweed,116,14,21,9.170305677,325.5458333
2023,1-May,28,1,N,common ragweed,121,5,26,11.35371179,379.44375
2023,7-May,28,1,N,common ragweed,127,40,66,28.8209607,31.12458333
2023,12-May,28,1,N,common ragweed,132,60,126,55.02183406,32.20208333
2023,23-May,28,1,N,common ragweed,143,24,150,65.50218341,37.36166667
2023,30-May,28,1,N,common ragweed,150,18,168,73.36244541,53.19375
2023,13-Jun,28,1,N,common ragweed,164,7,175,76.41921397,59.4975
2023,23-Jun,28,1,N,common ragweed,174,0,175,76.41921397,59.4975
2023,30-Jun,28,1,N,common ragweed,181,2,177,77.29257642,80.25041667
2023,6-Jul,28,1,N,common ragweed,187,52,229,100,80.25041667
2023,14-Jul,28,1,N,common ragweed,195,0,229,100,94.53166667
2023,20-Jul,28,1,N,common ragweed,201,0,229,100,98.74375
2023,2-Aug,28,1,N,common ragweed,214,0,229,100,136.3291667
2023,16-Aug,28,1,N,common ragweed,228,0,229,100,167.0720833
2023,13-Apr,29,2,N,common ragweed,103,0,0,0.001,184.5775
2023,18-Apr,29,2,N,common ragweed,108,18,18,7.929515419,217.5466667
2023,26-Apr,29,2,N,common ragweed,116,29,47,20.70484581,325.5458333
2023,1-May,29,2,N,common ragweed,121,16,63,27.75330396,379.44375
2023,7-May,29,2,N,common ragweed,127,33,96,42.2907489,31.12458333
2023,12-May,29,2,N,common ragweed,132,57,153,67.40088106,32.20208333
2023,23-May,29,2,N,common ragweed,143,19,172,75.77092511,37.36166667
2023,30-May,29,2,N,common ragweed,150,8,180,79.29515419,53.19375
2023,13-Jun,29,2,N,common ragweed,164,2,182,80.17621145,59.4975
2023,23-Jun,29,2,N,common ragweed,174,0,182,80.17621145,59.4975
2023,30-Jun,29,2,N,common ragweed,181,3,185,81.49779736,80.25041667
2023,6-Jul,29,2,N,common ragweed,187,41,226,99.55947137,80.25041667
2023,14-Jul,29,2,N,common ragweed,195,0,226,99.55947137,94.53166667
2023,20-Jul,29,2,N,common ragweed,201,0,226,99.55947137,98.74375
2023,2-Aug,29,2,N,common ragweed,214,1,227,100,136.3291667
2023,16-Aug,29,2,N,common ragweed,228,0,227,100,167.0720833
2023,13-Apr,30,3,N,common ragweed,103,0,0,0.001,184.5775
2023,18-Apr,30,3,N,common ragweed,108,0,0,0.001,217.5466667
2023,26-Apr,30,3,N,common ragweed,116,23,23,12.10526316,325.5458333
2023,1-May,30,3,N,common ragweed,121,18,41,21.57894737,379.44375
2023,7-May,30,3,N,common ragweed,127,12,53,27.89473684,68.04458333
2023,12-May,30,3,N,common ragweed,132,44,97,51.05263158,72.87583333
2023,23-May,30,3,N,common ragweed,143,21,118,62.10526316,87.0225
2023,30-May,30,3,N,common ragweed,150,5,123,64.73684211,115.4041667
2023,13-Jun,30,3,N,common ragweed,164,2,125,65.78947368,134.10375
2023,23-Jun,30,3,N,common ragweed,174,0,125,65.78947368,139.01125
2023,30-Jun,30,3,N,common ragweed,181,5,130,68.42105263,201.7204167
2023,6-Jul,30,3,N,common ragweed,187,58,188,98.94736842,201.7204167
2023,14-Jul,30,3,N,common ragweed,195,2,190,100,224.6958333
2023,20-Jul,30,3,N,common ragweed,201,0,190,100,242.3520833
2023,2-Aug,30,3,N,common ragweed,214,0,190,100,307.0041667
2023,16-Aug,30,3,N,common ragweed,228,0,190,100,348.0433333
2023,13-Apr,31,1,Y,woolly cupgrass,103,0,0,0.001,381.65375
2023,18-Apr,31,1,Y,woolly cupgrass,108,0,0,0.001,449.325
2023,26-Apr,31,1,Y,woolly cupgrass,116,0,0,0.001,601.1170833
2023,1-May,31,1,Y,woolly cupgrass,121,0,0,0.001,686.9333333
2023,7-May,31,1,Y,woolly cupgrass,127,90,90,6.993006993,68.04458333
2023,12-May,31,1,Y,woolly cupgrass,132,214,304,23.62082362,72.87583333
2023,23-May,31,1,Y,woolly cupgrass,143,285,589,45.76534577,87.0225
2023,30-May,31,1,Y,woolly cupgrass,150,214,803,62.39316239,115.4041667
2023,13-Jun,31,1,Y,woolly cupgrass,164,54,857,66.58896659,134.10375
2023,23-Jun,31,1,Y,woolly cupgrass,174,18,875,67.98756799,139.01125
2023,30-Jun,31,1,Y,woolly cupgrass,181,211,1086,84.38228438,201.7204167
2023,6-Jul,31,1,Y,woolly cupgrass,187,182,1268,98.52369852,201.7204167
2023,14-Jul,31,1,Y,woolly cupgrass,195,12,1280,99.45609946,224.6958333
2023,20-Jul,31,1,Y,woolly cupgrass,201,0,1280,99.45609946,242.3520833
2023,2-Aug,31,1,Y,woolly cupgrass,214,7,1287,100,307.0041667
2023,16-Aug,31,1,Y,woolly cupgrass,228,0,1287,100,348.0433333
2023,13-Apr,32,2,Y,woolly cupgrass,103,0,0,0.001,381.65375
2023,18-Apr,32,2,Y,woolly cupgrass,108,0,0,0.001,449.325
2023,26-Apr,32,2,Y,woolly cupgrass,116,0,0,0.001,601.1170833
2023,1-May,32,2,Y,woolly cupgrass,121,21,21,1.428571429,686.9333333
2023,7-May,32,2,Y,woolly cupgrass,127,241,262,17.82312925,68.04458333
2023,12-May,32,2,Y,woolly cupgrass,132,254,516,35.10204082,72.87583333
2023,23-May,32,2,Y,woolly cupgrass,143,312,828,56.32653061,87.0225
2023,30-May,32,2,Y,woolly cupgrass,150,175,1003,68.23129252,115.4041667
2023,13-Jun,32,2,Y,woolly cupgrass,164,40,1043,70.95238095,134.10375
2023,23-Jun,32,2,Y,woolly cupgrass,174,22,1065,72.44897959,139.01125
2023,30-Jun,32,2,Y,woolly cupgrass,181,175,1240,84.3537415,201.7204167
2023,6-Jul,32,2,Y,woolly cupgrass,187,214,1454,98.91156463,201.7204167
2023,14-Jul,32,2,Y,woolly cupgrass,195,10,1464,99.59183673,224.6958333
2023,20-Jul,32,2,Y,woolly cupgrass,201,0,1464,99.59183673,242.3520833
2023,2-Aug,32,2,Y,woolly cupgrass,214,6,1470,100,307.0041667
2023,16-Aug,32,2,Y,woolly cupgrass,228,0,1470,100,348.0433333
2023,13-Apr,33,3,Y,woolly cupgrass,103,0,0,0.001,381.65375
2023,18-Apr,33,3,Y,woolly cupgrass,108,0,0,0.001,449.325
2023,26-Apr,33,3,Y,woolly cupgrass,116,0,0,0.001,601.1170833
2023,1-May,33,3,Y,woolly cupgrass,121,4,4,0.284090909,686.9333333
2023,7-May,33,3,Y,woolly cupgrass,127,178,182,12.92613636,79.66
2023,12-May,33,3,Y,woolly cupgrass,132,208,390,27.69886364,84.33958333
2023,23-May,33,3,Y,woolly cupgrass,143,405,795,56.46306818,108.0020833
2023,30-May,33,3,Y,woolly cupgrass,150,130,925,65.69602273,145.87
2023,13-Jun,33,3,Y,woolly cupgrass,164,97,1022,72.58522727,163.65625
2023,23-Jun,33,3,Y,woolly cupgrass,174,12,1034,73.4375,166.115
2023,30-Jun,33,3,Y,woolly cupgrass,181,84,1118,79.40340909,231.6916667
2023,6-Jul,33,3,Y,woolly cupgrass,187,281,1399,99.36079545,231.6916667
2023,14-Jul,33,3,Y,woolly cupgrass,195,6,1405,99.78693182,257.09
2023,20-Jul,33,3,Y,woolly cupgrass,201,0,1405,99.78693182,274.9625
2023,2-Aug,33,3,Y,woolly cupgrass,214,3,1408,100,342.6920833
2023,16-Aug,33,3,Y,woolly cupgrass,228,0,1408,100,387.935
2023,13-Apr,34,1,N,woolly cupgrass,103,0,0,0.001,421.2770833
2023,18-Apr,34,1,N,woolly cupgrass,108,0,0,0.001,487.4170833
2023,26-Apr,34,1,N,woolly cupgrass,116,0,0,0.001,646.5995833
2023,1-May,34,1,N,woolly cupgrass,121,3,3,0.190961171,736.7725
2023,7-May,34,1,N,woolly cupgrass,127,308,311,19.79630808,79.66
2023,12-May,34,1,N,woolly cupgrass,132,121,432,27.49840866,84.33958333
2023,23-May,34,1,N,woolly cupgrass,143,137,569,36.21896881,108.0020833
2023,30-May,34,1,N,woolly cupgrass,150,43,612,38.95607893,145.87
2023,13-Jun,34,1,N,woolly cupgrass,164,413,1025,65.24506684,163.65625
2023,23-Jun,34,1,N,woolly cupgrass,174,72,1097,69.82813495,166.115
2023,30-Jun,34,1,N,woolly cupgrass,181,375,1472,93.69828135,231.6916667
2023,6-Jul,34,1,N,woolly cupgrass,187,78,1550,98.6632718,231.6916667
2023,14-Jul,34,1,N,woolly cupgrass,195,11,1561,99.36346276,257.09
2023,20-Jul,34,1,N,woolly cupgrass,201,0,1561,99.36346276,274.9625
2023,2-Aug,34,1,N,woolly cupgrass,214,10,1571,100,342.6920833
2023,16-Aug,34,1,N,woolly cupgrass,228,0,1571,100,387.935
2023,13-Apr,35,2,N,woolly cupgrass,103,0,0,0.001,421.2770833
2023,18-Apr,35,2,N,woolly cupgrass,108,0,0,0.001,487.4170833
2023,26-Apr,35,2,N,woolly cupgrass,116,0,0,0.001,646.5995833
2023,1-May,35,2,N,woolly cupgrass,121,21,21,1.302729529,736.7725
2023,7-May,35,2,N,woolly cupgrass,127,352,373,23.13895782,79.66
2023,12-May,35,2,N,woolly cupgrass,132,164,537,33.31265509,84.33958333
2023,23-May,35,2,N,woolly cupgrass,143,112,649,40.26054591,108.0020833
2023,30-May,35,2,N,woolly cupgrass,150,37,686,42.55583127,145.87
2023,13-Jun,35,2,N,woolly cupgrass,164,120,806,50,163.65625
2023,23-Jun,35,2,N,woolly cupgrass,174,235,1041,64.57816377,166.115
2023,30-Jun,35,2,N,woolly cupgrass,181,452,1493,92.617866,231.6916667
2023,6-Jul,35,2,N,woolly cupgrass,187,101,1594,98.88337469,231.6916667
2023,14-Jul,35,2,N,woolly cupgrass,195,10,1604,99.50372208,257.09
2023,20-Jul,35,2,N,woolly cupgrass,201,0,1604,99.50372208,274.9625
2023,2-Aug,35,2,N,woolly cupgrass,214,8,1612,100,342.6920833
2023,16-Aug,35,2,N,woolly cupgrass,228,0,1612,100,387.935
2023,13-Apr,36,3,N,woolly cupgrass,103,0,0,0.001,421.2770833
2023,18-Apr,36,3,N,woolly cupgrass,108,0,0,0.001,487.4170833
2023,26-Apr,36,3,N,woolly cupgrass,116,0,0,0.001,646.5995833
2023,1-May,36,3,N,woolly cupgrass,121,16,16,1.28,736.7725
2023,7-May,36,3,N,woolly cupgrass,127,227,243,19.44,74.76666667
2023,12-May,36,3,N,woolly cupgrass,132,108,351,28.08,110.1070833
2023,23-May,36,3,N,woolly cupgrass,143,145,496,39.68,127.0525
2023,30-May,36,3,N,woolly cupgrass,150,51,547,43.76,158.28
2023,13-Jun,36,3,N,woolly cupgrass,164,133,680,54.4,213.0695833
2023,23-Jun,36,3,N,woolly cupgrass,174,88,768,61.44,233.81625
2023,30-Jun,36,3,N,woolly cupgrass,181,320,1088,87.04,308.6008333
2023,6-Jul,36,3,N,woolly cupgrass,187,121,1209,96.72,308.6008333
2023,14-Jul,36,3,N,woolly cupgrass,195,16,1225,98,341.5733333
2023,20-Jul,36,3,N,woolly cupgrass,201,7,1232,98.56,363.1295833
2023,2-Aug,36,3,N,woolly cupgrass,214,18,1250,100,452.0279167
2023,16-Aug,36,3,N,woolly cupgrass,228,0,1250,100,494.5670833
,,,,,,,,,,563.3570833
,,,,,,,,,,642.3620833
,,,,,,,,,,836.79875
,,,,,,,,,,954.445
,,,,,,,,,,74.76666667
,,,,,,,,,,110.1070833
,,,,,,,,,,127.0525
,,,,,,,,,,158.28
,,,,,,,,,,213.0695833
,,,,,,,,,,233.81625
,,,,,,,,,,308.6008333
,,,,,,,,,,308.6008333
,,,,,,,,,,341.5733333
,,,,,,,,,,363.1295833
,,,,,,,,,,452.0279167
,,,,,,,,,,494.5670833
,,,,,,,,,,563.3570833
,,,,,,,,,,642.3620833
,,,,,,,,,,836.79875
,,,,,,,,,,954.445
,,,,,,,,,,74.76666667
,,,,,,,,,,110.1070833
,,,,,,,,,,127.0525
,,,,,,,,,,158.28
,,,,,,,,,,213.0695833
,,,,,,,,,,233.81625
,,,,,,,,,,308.6008333
,,,,,,,,,,308.6008333
,,,,,,,,,,341.5733333
,,,,,,,,,,363.1295833
,,,,,,,,,,452.0279167
,,,,,,,,,,494.5670833
,,,,,,,,,,563.3570833
,,,,,,,,,,642.3620833
,,,,,,,,,,836.79875
,,,,,,,,,,954.445
,,,,,,,,,,97.8475
,,,,,,,,,,140.4545833
,,,,,,,,,,167.3204167
,,,,,,,,,,208.1220833
,,,,,,,,,,253.6308333
,,,,,,,,,,266.8275
,,,,,,,,,,348.7591667
,,,,,,,,,,348.7591667
,,,,,,,,,,385.5933333
,,,,,,,,,,407.88875
,,,,,,,,,,504.8833333
,,,,,,,,,,551.62625
,,,,,,,,,,620.41
,,,,,,,,,,707.6254167
,,,,,,,,,,912.5616667
,,,,,,,,,,1038.947917
,,,,,,,,,,97.8475
,,,,,,,,,,140.4545833
,,,,,,,,,,167.3204167
,,,,,,,,,,208.1220833
,,,,,,,,,,253.6308333
,,,,,,,,,,266.8275
,,,,,,,,,,348.7591667
,,,,,,,,,,348.7591667
,,,,,,,,,,385.5933333
,,,,,,,,,,407.88875
,,,,,,,,,,504.8833333
,,,,,,,,,,551.62625
,,,,,,,,,,620.41
,,,,,,,,,,707.6254167
,,,,,,,,,,912.5616667
,,,,,,,,,,1038.947917
,,,,,,,,,,97.8475
,,,,,,,,,,140.4545833
,,,,,,,,,,167.3204167
,,,,,,,,,,208.1220833
,,,,,,,,,,253.6308333
,,,,,,,,,,266.8275
,,,,,,,,,,348.7591667
,,,,,,,,,,348.7591667
,,,,,,,,,,385.5933333
,,,,,,,,,,407.88875
,,,,,,,,,,504.8833333
,,,,,,,,,,551.62625
,,,,,,,,,,620.41
,,,,,,,,,,707.6254167
,,,,,,,,,,912.5616667
,,,,,,,,,,1038.947917
,,,,,,,,,,91.10541667
,,,,,,,,,,126.2725
,,,,,,,,,,151.0166667
,,,,,,,,,,189.2375
,,,,,,,,,,239.0375
,,,,,,,,,,258.9808333
,,,,,,,,,,340.7575
,,,,,,,,,,340.7575
,,,,,,,,,,376.3029167
,,,,,,,,,,398.7166667
,,,,,,,,,,487.8541667
,,,,,,,,,,533.8933333
,,,,,,,,,,598.8125
,,,,,,,,,,684.0591667
,,,,,,,,,,885.8508333
,,,,,,,,,,1011.958333
,,,,,,,,,,91.10541667
,,,,,,,,,,126.2725
,,,,,,,,,,151.0166667
,,,,,,,,,,189.2375
,,,,,,,,,,239.0375
,,,,,,,,,,258.9808333
,,,,,,,,,,340.7575
,,,,,,,,,,340.7575
,,,,,,,,,,376.3029167
,,,,,,,,,,398.7166667
,,,,,,,,,,487.8541667
,,,,,,,,,,533.8933333
,,,,,,,,,,598.8125
,,,,,,,,,,684.0591667
,,,,,,,,,,885.8508333
,,,,,,,,,,1011.958333
,,,,,,,,,,91.10541667
,,,,,,,,,,126.2725
,,,,,,,,,,151.0166667
,,,,,,,,,,189.2375
,,,,,,,,,,239.0375
,,,,,,,,,,258.9808333
,,,,,,,,,,340.7575
,,,,,,,,,,340.7575
,,,,,,,,,,376.3029167
,,,,,,,,,,398.7166667
,,,,,,,,,,487.8541667
,,,,,,,,,,533.8933333
,,,,,,,,,,598.8125
,,,,,,,,,,684.0591667
,,,,,,,,,,885.8508333
,,,,,,,,,,1011.958333
,,,,,,,,,,119.4220833
,,,,,,,,,,151.0658333
,,,,,,,,,,186.17875
,,,,,,,,,,233.9804167
,,,,,,,,,,276.8925
,,,,,,,,,,288.8183333
,,,,,,,,,,375.3191667
,,,,,,,,,,375.3191667
,,,,,,,,,,414.6325
,,,,,,,,,,438.56125
,,,,,,,,,,529.6308333
,,,,,,,,,,579.87375
,,,,,,,,,,645.72125
,,,,,,,,,,737.6645833
,,,,,,,,,,949.1783333
,,,,,,,,,,1077.702083
,,,,,,,,,,119.4220833
,,,,,,,,,,151.0658333
,,,,,,,,,,186.17875
,,,,,,,,,,233.9804167
,,,,,,,,,,276.8925
,,,,,,,,,,288.8183333
,,,,,,,,,,375.3191667
,,,,,,,,,,375.3191667
,,,,,,,,,,414.6325
,,,,,,,,,,438.56125
,,,,,,,,,,529.6308333
,,,,,,,,,,579.87375
,,,,,,,,,,645.72125
,,,,,,,,,,737.6645833
,,,,,,,,,,949.1783333
,,,,,,,,,,1077.702083
,,,,,,,,,,119.4220833
,,,,,,,,,,151.0658333
,,,,,,,,,,186.17875
,,,,,,,,,,233.9804167
,,,,,,,,,,276.8925
,,,,,,,,,,288.8183333
,,,,,,,,,,375.3191667
,,,,,,,,,,375.3191667
,,,,,,,,,,414.6325
,,,,,,,,,,438.56125
,,,,,,,,,,529.6308333
,,,,,,,,,,579.87375
,,,,,,,,,,645.72125
,,,,,,,,,,737.6645833
,,,,,,,,,,949.1783333
,,,,,,,,,,1077.702083
